﻿<?xml version="1.0" encoding="UTF-8" ?>
<ArrayOfControl xmlns:xsi="http://www.w3.org/2001/XMLSchema-instance" xmlns:xsd="http://www.w3.org/2001/XMLSchema">
	<Control>
		<Name>TextBox</Name>
		<Content>Write any text</Content>
	</Control>
	<Control>
		<Name>Dropdown</Name>
		<Content>Samle Dropdown</Content>
	</Control>
	<Control>
		<Name>Checkbox</Name>
	</Control>
	<Control>
		<Name>Label</Name>
		<Content>Test Label from XML</Content>
	</Control>
	<Control>
		<Name>RadioButton</Name>
		<Content>Test Radio Button</Content>
	</Control>
	<Control>
		<Name>Button</Name>
		<Content>Test Button</Content>
	</Control>
</ArrayOfControl>